"Date","total_precip_mm","minTemp_C","maxTemp_C","AveTemp_C"
2019-01-01,0,0.797,5.437,2.633
2019-01-02,14,1.153,4.454,2.881
2019-01-03,65.6,3.643,9.903,7.324
2019-01-04,7,4.22,9.089,7.045
2019-01-05,2,4.558,7.72,5.736
2019-01-06,5.4,0.384,6.382,4.172
2019-01-07,0,-1.128,5.591,0.851
2019-01-08,7.6,0.934,2.61,1.98
2019-01-09,11.4,2.45,8.295,5.216
2019-01-10,3,7.066,10.614,8.828
2019-01-11,0.2,3.036,9.952,6.714
2019-01-12,0,1.126,9.657,4.621
2019-01-13,0,1.071,10.59,3.994
2019-01-14,0,-1.157,9.015,1.998
2019-01-15,0,-2.712,5.872,0.256
2019-01-16,0,-2.073,6.636,1.407
2019-01-17,6.4,1.994,9.583,5.806
2019-01-18,8.8,6.509,8.693,7.531
2019-01-19,6.6,2.262,7.845,5.633
2019-01-20,0.2,-0.143,7.569,3.218
2019-01-21,0,-2.16,6.712,1.27
2019-01-22,29.8,2.343,6.077,4.756
2019-01-23,1.2,2.128,9.336,5.572
2019-01-24,0,4.532,7.242,5.58
2019-01-25,0,2.182,8.668,4.842
2019-01-26,0,4.973,7.268,5.691
2019-01-27,0,3.854,6.636,5.382
2019-01-28,0,-1.213,9.139,2.856
2019-01-29,0,-2.683,9.287,1.232
2019-01-30,0,-2.16,7.167,1.955
2019-01-31,1.8,2.61,8.444,4.99
2019-02-01,8.8,4.766,9.682,6.341
2019-02-02,0.2,2.316,6.077,4.258
2019-02-03,0.2,-3.807,3.485,0.543
2019-02-04,0,-6.579,-0.873,-3.46
2019-02-05,2.8,-8.597,2.557,-4.496
2019-02-06,0,-6.962,3.538,-3.083
2019-02-07,0,-6.357,2.983,-1.827
2019-02-08,0,-2.044,0.77,-0.433
2019-02-09,0,-4.957,1.289,-1.063
2019-02-10,0,-10.511,-0.116,-5.067
2019-02-11,0,-4.743,-1.356,-3.242
2019-02-12,0,-2.771,2.637,-0.993
2019-02-13,1,-2.276,3.036,-0.21
2019-02-14,1.8,-6.42,1.48,-2.261
2019-02-15,17.8,-0.116,4.792,1.5
2019-02-16,3.8,-2.479,7.995,1.522
2019-02-17,0,-1.727,7.444,2.476
2019-02-18,0,-3.777,6.051,0.69
2019-02-19,0.2,0.079,4.895,2.063
2019-02-20,0,-1.814,6.102,2.336
2019-02-21,0,-4.318,7.92,0.553
2019-02-22,4.4,-0.563,9.731,2.844
2019-02-23,7,-1.641,7.494,1.43
2019-02-24,10.8,-1.842,6.509,2.014
2019-02-25,0,-4.348,4.792,0.765
2019-02-26,0,-6.579,3.801,-0.679
2019-02-27,0,-0.032,4.714,2.645
2019-02-28,0,-2.712,6.965,1.216
2019-03-01,0,-3.687,7.87,0.707
2019-03-02,0,-4.106,7.97,0.945
2019-03-03,0,-3.449,6.179,0.482
2019-03-04,0,-5.698,5.642,-0.694
2019-03-05,0,-3.508,6.763,0.848
2019-03-06,0,-5.979,6.281,-0.385
2019-03-07,0,-2.131,8.095,2.368
2019-03-08,3.6,-2.596,5.668,1.085
2019-03-09,0,-4.926,7.945,0.505
2019-03-10,0,-4.621,9.903,2.301
2019-03-11,7.8,1.507,6.611,3.243
2019-03-12,0.2,0.66,10.687,4.12
2019-03-13,0,-1.986,10.834,3.416
2019-03-14,0.8,1.697,9.731,5.004
2019-03-15,0.8,3.221,13.112,7.17
2019-03-16,0,1.044,15.509,7.199
2019-03-17,0,0.495,18.247,8.234
2019-03-18,0,1.071,21.795,9.628
2019-03-19,0,1.344,22.298,9.973
2019-03-20,0,2.77,22.657,11.615
2019-03-21,0,3.854,19.579,11.13
2019-03-22,0,5.411,15.055,10.185
2019-03-23,0,3.538,15.199,8.374
2019-03-24,0,1.235,15.7,7.388
2019-03-25,4,1.751,12.582,6.974
2019-03-26,0.4,3.327,15.915,8.276
2019-03-27,0,2.584,15.509,8.641
2019-03-28,0,3.958,17.534,9.9
2019-03-29,0,1.913,18.247,9.334
2019-03-30,0,2.289,18.271,9.74
2019-03-31,0,2.477,18.461,9.889
2019-04-01,0,2.423,19.722,10.847
2019-04-02,0.6,4.74,20.15,12.439
2019-04-03,3.8,8.817,14.266,10.811
2019-04-04,0,6.839,16.725,11.454
2019-04-05,1.4,7.519,14.314,10.192
2019-04-06,10.2,5.565,11.151,8.095
2019-04-07,1.8,4.61,14.481,8.784
2019-04-08,9.8,3.063,10.026,6.617
2019-04-09,2,4.194,14.649,9.239
2019-04-10,0,7.419,14.026,9.176
2019-04-11,7.8,6.331,9.064,7.801
2019-04-12,0,4.947,14.673,9.591
2019-04-13,5.4,5.949,11.467,8.304
2019-04-14,0,5.231,11.662,7.948
2019-04-15,0,3.67,12.654,7.58
2019-04-16,0,1.534,14.697,7.96
2019-04-17,0,7.242,16.725,11.168
2019-04-18,1,9.485,11.565,10.461
2019-04-19,0,6.788,16.463,11.329
2019-04-20,0,3.195,18.723,10.411
2019-04-21,0,5.179,16.963,11.29
2019-04-22,0,7.77,11.856,9.698
2019-04-23,0,6.813,17.368,11.157
2019-04-24,0,3.591,15.031,9.4
2019-04-25,0,0.66,15.676,8.977
2019-04-26,0,2.797,15.581,9.523
2019-04-27,0,2.343,14.29,9.277
2019-04-28,0,1.534,16.892,9.466
2019-04-29,0,2.316,19.389,10.457
2019-04-30,0,2.423,19.77,11.439
2019-05-01,0,4.35,18.247,11.428
2019-05-02,0,8.12,17.177,12.005
2019-05-03,0,5.77,15.7,11.337
2019-05-04,0,5.514,18.438,12.093
2019-05-05,0,6.306,20.936,13.517
2019-05-06,0,5.77,23.04,14.266
2019-05-07,0,8.045,23.881,15.951
2019-05-08,0,8.295,24.653,16.188
2019-05-09,0,11.832,27.604,19.014
2019-05-10,0,9.46,27.801,18.85
2019-05-11,0,11.102,25.186,18.157
2019-05-12,0,8.245,16.654,12.78
2019-05-13,0,6.051,16.892,11.582
2019-05-14,0.6,9.089,15.557,11.517
2019-05-15,0.4,7.268,19.674,13.147
2019-05-16,0.2,10.369,20.889,14.561
2019-05-17,0,11.151,19.365,13.777
2019-05-18,0,8.841,19.865,14.258
2019-05-19,0,8.195,24.122,16.224
2019-05-20,0.2,10.222,15.318,12.825
2019-05-21,0,9.361,21.223,14.035
2019-05-22,0,8.965,25.21,16.644
2019-05-23,0,9.682,24.557,17.498
2019-05-24,0,10.149,17.106,13.507
2019-05-25,0.4,8.841,14.29,11.42
2019-05-26,0,7.87,24.291,16.081
2019-05-27,0,11.005,26.818,19.876
2019-05-28,0,10.638,20.603,15.579
2019-05-29,0,9.188,21.628,15.298
2019-05-30,0.2,9.115,25.687,17.08
2019-05-31,0.2,10.756,25.996,18.098
2019-06-01,0.2,11.624,25.378,18.2
2019-06-02,0.2,10.466,26.1,17.895
2019-06-03,0.2,12.59,20.738,16.469
2019-06-04,0.2,6.412,20.532,13.008
2019-06-05,0.4,10.949,18.367,14.331
2019-06-06,0.7,7.86,16.82,11.989
2019-06-07,1,6.605,17.439,11.582
2019-06-08,0.3,6.799,21.047,13.517
2019-06-09,0.2,6.316,21.15,13.313
2019-06-10,0.3,11.721,24.244,17.691
2019-06-11,0.2,10.949,30.43,20.338
2019-06-12,0.2,12.783,32.389,22.273
2019-06-13,0.2,13.362,28.059,20.44
2019-06-14,0.2,10.273,22.182,15.858
2019-06-15,0.2,9.984,25.172,17.284
2019-06-16,0.2,11.142,26.306,18.404
2019-06-17,0.2,11.817,26.203,18.709
2019-06-18,0.2,14.809,23.728,19.015
2019-06-19,4.2,10.706,19.941,14.958
2019-06-20,0.4,6.732,23.156,14.442
2019-06-21,0.2,8.825,21.769,14.942
2019-06-22,0.2,10.563,21.872,15.96
2019-06-23,0.2,11.238,21.047,15.858
2019-06-24,0.3,9.211,20.944,14.738
2019-06-25,0.2,7.667,24.244,15.553
2019-06-26,0.2,10.852,24.45,17.284
2019-06-27,15.9,13.169,20.944,16.775
2019-06-28,0.2,11.238,19.707,15.248
2019-06-29,0.2,10.756,21.769,15.96
2019-06-30,0.2,9.211,26.615,17.487
2019-07-01,0.2,11.431,27.646,19.218
2019-07-02,5.9,14.23,18.676,16.266
2019-07-03,0.2,14.52,22.182,18.2
2019-07-04,0.2,12.3,22.182,16.978
2019-07-05,0.4,12.197,22.084,16.711
2019-07-06,0.2,12.59,20.429,16.266
2019-07-07,2.4,14.423,18.367,16.266
2019-07-08,0.2,13.362,23.316,18.098
2019-07-09,3,11.528,24.656,17.793
2019-07-10,6.7,14.713,22.285,18.302
2019-07-11,0.2,12.493,22.8,17.386
2019-07-12,0.2,11.431,26.306,18.607
2019-07-13,0.2,14.423,26.203,20.033
2019-07-14,0.2,11.624,24.553,17.793
2019-07-15,0.3,12.01,24.244,17.793
2019-07-16,0.2,12.397,25.069,18.404
2019-07-17,1.3,15.003,23.728,19.218
2019-07-18,0.4,11.817,21.15,16.164
2019-07-19,0.2,8.246,21.872,14.637
2019-07-20,0.2,7.957,25.584,16.368
2019-07-21,0.2,9.115,30.018,19.117
2019-07-22,0.2,12.107,28.78,20.135
2019-07-23,0.2,12.3,25.378,18.506
2019-07-24,0.2,14.327,25.275,19.626
2019-07-25,0.2,11.914,26.615,19.015
2019-07-26,0.2,10.852,30.018,20.135
2019-07-27,0.2,15.678,24.244,19.829
2019-07-28,0.2,10.659,27.131,18.506
2019-07-29,0.2,11.528,27.543,19.218
2019-07-30,0.2,13.555,24.553,18.811
2019-07-31,0.2,16.354,25.687,20.847
2019-08-01,1.7,13.748,25.275,19.32
2019-08-02,0.8,16.74,27.131,21.764
2019-08-03,0.2,10.466,27.028,18.404
2019-08-04,0.2,10.756,31.77,20.847
2019-08-05,0.2,11.335,31.874,21.255
2019-08-06,0.2,13.458,31.461,22.171
2019-08-07,0.2,13.844,28.368,20.847
2019-08-08,0.2,13.169,25.069,18.811
2019-08-09,0.2,13.169,23.006,17.895
2019-08-10,0.3,14.23,22.697,18.302
2019-08-11,1.6,15.678,23.419,19.422
2019-08-12,0.2,15.389,25.584,20.338
2019-08-13,0.2,11.914,27.234,19.218
2019-08-14,0.2,13.651,29.296,21.153
2019-08-15,0.2,13.362,27.44,20.135
2019-08-16,0.2,12.3,23.006,17.386
2019-08-17,0.2,15.099,23.728,19.218
2019-08-18,0.2,11.721,25.378,18.2
2019-08-19,0.2,12.397,24.656,18.302
2019-08-20,0.2,9.404,24.553,16.673
2019-08-21,1.8,15.003,23.11,18.811
2019-08-22,0.2,13.844,24.347,18.811
2019-08-23,2,11.528,19.81,15.451
2019-08-24,0.2,11.528,22.078,16.469
2019-08-25,0.2,11.045,23.213,16.877
2019-08-26,0.2,8.729,25.069,16.469
2019-08-27,0.2,9.404,28.987,18.811
2019-08-28,0.2,11.817,30.018,20.644
2019-08-29,0.2,12.01,27.543,19.524
2019-08-30,0.2,17.126,23.11,20.033
2019-08-31,0.7,16.064,24.553,20.135
2019-09-01,0.2,14.23,25.172,19.524
2019-09-02,0.2,11.431,26.924,18.811
2019-09-03,2.5,12.01,26.512,18.913
2019-09-04,0.2,12.493,24.965,18.506
2019-09-05,0.2,10.37,28.368,19.015
2019-09-06,0.2,10.756,27.749,18.913
2019-09-07,0.2,12.01,23.831,17.589
2019-09-08,1,14.037,22.182,17.895
2019-09-09,0.3,12.879,21.563,16.978
2019-09-10,0.2,12.976,22.8,17.691
2019-09-11,0.2,9.018,20.841,14.637
2019-09-12,28.7,13.844,17.336,15.349
2019-09-13,1.3,11.914,20.119,15.757
2019-09-14,1.3,12.976,17.645,15.044
2019-09-15,2.9,11.238,17.645,14.229
2019-09-16,0.9,8.439,17.954,12.804
2019-09-17,11.3,12.3,15.273,13.619
2019-09-18,0.9,11.431,20.532,15.757
2019-09-19,1,7.667,17.748,12.295
2019-09-20,0.2,11.914,20.223,15.858
2019-09-21,1,9.791,17.851,13.517
2019-09-22,9.7,13.748,16.511,14.942
2019-09-23,9.5,11.721,13.521,12.397
2019-09-24,0.3,10.563,21.563,15.757
2019-09-25,0.2,7.667,18.057,12.499
2019-09-26,0.6,12.493,20.738,16.368
2019-09-27,7.4,6.799,15.48,10.768
2019-09-28,0.2,6.219,17.439,11.379
2019-09-29,0.2,8.632,15.583,11.786
2019-09-30,0.2,2.262,16.614,8.935
2019-10-01,0.2,1.876,16.923,8.833
2019-10-02,0.7,4.772,14.345,9.139
2019-10-03,0.3,8.536,14.139,11.073
2019-10-04,7.6,6.992,11.871,9.037
2019-10-05,1,6.799,16.408,11.277
2019-10-06,0.2,4.868,14.449,9.24
2019-10-07,8.6,9.984,18.057,13.72
2019-10-08,0.2,3.71,13.314,8.019
2019-10-09,0.3,0.911,11.665,5.779
2019-10-10,0.2,-1.695,13.005,5.066
2019-10-11,0.2,-0.633,16.201,7.204
2019-10-12,0.4,3.71,14.861,8.833
2019-10-13,0.2,4.675,15.273,9.546
2019-10-14,0.2,1.78,14.139,7.408
2019-10-15,4,5.447,10.221,7.51
2019-10-16,10.5,7.667,11.974,9.444
2019-10-17,4.3,6.895,15.273,10.666
2019-10-18,8.2,6.509,12.386,9.139
2019-10-19,3.4,4.868,10.324,7.204
2019-10-20,8.5,4.579,10.118,6.899
2019-10-21,18.5,6.799,10.634,8.324
2019-10-22,0.2,6.895,15.067,10.564
2019-10-23,0.2,2.938,12.489,7.204
2019-10-24,0.2,6.412,14.861,10.259
2019-10-25,0.3,7.571,16.614,11.786
2019-10-26,0.2,1.2,14.964,7.611
2019-10-27,0.2,-1.309,12.489,5.066
2019-10-28,0.2,-1.212,10.84,4.252
2019-10-29,0.2,-1.116,10.015,3.946
2019-10-30,0.2,-3.432,9.706,2.521
2019-10-31,0.2,-0.151,11.046,4.862
2019-11-01,0.2,-0.247,12.283,5.473
2019-11-02,0.2,0.235,12.283,5.677
2019-11-03,0.2,1.876,12.489,6.695
2019-11-04,0.2,4.193,10.943,7.102
2019-11-05,0.2,4.868,10.84,7.408
2019-11-06,0.2,0.525,13.108,6.288
2019-11-07,0.2,0.621,12.593,6.084
2019-11-08,0.2,5.6,13,10.013
2019-11-09,0.6,8.1,10.7,9.196
2019-11-10,0.2,6.4,12,9.025
2019-11-11,1.2,5,11.6,7.625
2019-11-12,13.8,6.3,10.3,8.275
2019-11-13,0,5.3,10.8,8.192
2019-11-14,0,3.5,11.4,6.8
2019-11-15,5.8,5.6,14.2,9.004
2019-11-16,11,6.4,10.9,8.858
2019-11-17,10.2,6.6,14.6,10.146
2019-11-18,17.8,5.5,8.6,7.475
2019-11-19,0.6,2.1,11.2,7.15
2019-11-20,0,-0.6,9.9,2.742
2019-11-21,0,-1.7,9.4,2.2
2019-11-22,0,1.2,8.9,3.983
2019-11-23,1.8,4.2,9.7,7.062
2019-11-24,0,3.1,11.5,6.433
2019-11-25,0,-1.8,9.4,3.062
2019-11-26,1,-2.8,4.3,1.138
2019-11-27,0,3.1,7.3,4.787
2019-11-28,0,-4.6,5.1,0.35
2019-11-29,0,-5.9,3.9,-2.663
2019-11-30,0,-5.9,4.2,-2.358
2019-12-01,0.2,-3.8,3.1,0.908
2019-12-02,0.4,1.9,4.3,3.225
2019-12-03,0,3.9,8,5.925
2019-12-04,0,3.4,9.1,6.779
2019-12-05,0.4,4.7,8.1,5.854
2019-12-06,4.6,4.8,8.4,6.254
2019-12-07,4.8,6.3,8.6,7.504
2019-12-08,0.2,5,8.8,6.742
2019-12-09,0,1.8,7.4,5.154
2019-12-10,3.8,0,5.2,3.171
2019-12-11,15,5.3,7.1,6.179
2019-12-12,23,3.6,8,5.45
2019-12-13,0.2,2.9,8.1,4.771
2019-12-14,0.2,1.2,6.4,3.362
2019-12-15,0,-1.4,7.5,1.479
2019-12-16,4.4,1.4,5,3.746
2019-12-17,1,3.6,7.1,5.2
2019-12-18,11,3.5,5.9,4.858
2019-12-19,24.2,2.7,7.2,5.654
2019-12-20,14.2,4.7,7.1,6.2
2019-12-21,1,3.4,6.6,4.579
2019-12-22,0,0.4,7.5,4.646
2019-12-23,0.6,-0.2,4.6,2.329
2019-12-24,5.2,3,5.2,3.7
2019-12-25,1.4,-0.2,5.7,3.004
2019-12-26,1.2,-0.6,4.2,2.275
2019-12-27,0.2,0.1,4.2,2.129
2019-12-28,2.4,3.7,5.4,4.733
2019-12-29,2.2,5,9,6.525
2019-12-30,0.6,4.9,7.8,6.792
2019-12-31,10.2,7,10.2,8.192
2020-01-01,0.2,3.1,12.6,8.417
2020-01-02,18,1.9,5.2,3.004
2020-01-03,9.4,6.5,10.7,8.471
2020-01-04,7.2,1,6.2,4.321
2020-01-05,3,3,7.2,4.987
2020-01-06,17,2.6,5.9,4.092
2020-01-07,21.4,4.4,10.9,7.475
2020-01-08,0,-0.9,5.2,2.467
2020-01-09,0.2,-2.1,4.1,0.7
2020-01-10,32.2,0.7,6,3.617
2020-01-11,4.6,2.2,5.7,3.729
2020-01-12,11.2,-2,4.3,1.546
2020-01-13,0,-5,-2.3,-4.233
2020-01-14,0,-5.8,-4.2,-5.15
2020-01-15,0,-5.5,2.5,-3.383
2020-01-16,9.8,-3.7,5.6,0.588
2020-01-17,0.8,-5.5,2.3,-1.462
2020-01-18,17.6,0.1,5.6,3.704
2020-01-19,6.2,2.9,5.7,4.025
2020-01-20,5.4,2.9,7.7,4.912
2020-01-21,22.8,2.6,7.5,4.7
2020-01-22,24.6,1.8,6.1,4.358
2020-01-23,23,5.3,11.1,8.771
2020-01-24,5.8,4.8,11.1,7.692
2020-01-25,6.6,5,8.1,6.854
2020-01-26,5,5.3,11.4,7.921
2020-01-27,15.4,3.1,8.4,5.696
2020-01-28,3.8,5.1,7.2,6.204
2020-01-29,12.8,1.5,10.6,6.208
2020-01-30,6.4,0.5,5.9,3.658
2020-01-31,51.2,5.9,12.1,9.258
2020-02-01,7.4,0.9,11.2,6.642
2020-02-02,1.6,-1.8,5.2,1.512
2020-02-03,0,-2.5,5.1,-0.021
2020-02-04,4.6,-1.4,1.4,0.079
2020-02-05,24.2,0.1,3.2,1.688
2020-02-06,10.6,2.2,4.7,3.512
2020-02-07,9,3.8,10.6,5.442
2020-02-08,0.2,0.8,9,4.658
2020-02-09,0,-2.1,6.8,1.421
2020-02-10,0,1.5,9.6,3.971
2020-02-11,0,0.9,11.6,6.15
2020-02-12,0,3.1,8.4,5.513
2020-02-13,0.2,4.3,10,6.117
2020-02-14,0.2,3.8,9.9,6.033
2020-02-15,0.8,2.2,9,5.871
2020-02-16,0.2,-0.2,9.5,3.567
2020-02-17,0,-2,8.7,2.067
2020-02-18,0.2,-2.2,8.2,1.217
2020-02-19,0,-2.8,8.7,1.412
2020-02-20,0,-3.7,10.8,1.954
2020-02-21,0.2,-2.5,10.6,3.971
2020-02-22,1.4,3.7,9.5,6.179
2020-02-23,14,3.4,9.3,5.821
2020-02-24,0,1.1,9.3,4.442
2020-02-25,0,0.6,7.2,3.821
2020-02-26,0,2.5,11.7,6.142
2020-02-27,0,3.9,11.2,6.95
2020-02-28,7.8,3,10.2,5.425
2020-02-29,1.2,-0.3,10.7,3.675
2020-03-01,2,-2.5,8.1,2.262
2020-03-02,0.8,3,8.2,5.75
2020-03-03,0.2,2.1,10.2,6.433
2020-03-04,0,2.8,10.7,6.458
2020-03-05,1.8,0.8,9.4,4.821
2020-03-06,0.2,-1.6,9,2.65
2020-03-07,1.4,-2,7.4,2.004
2020-03-08,0,-2.5,8.6,2.017
2020-03-09,0,-3.3,9.4,2.271
2020-03-10,0.2,1.3,10.5,5.746
2020-03-11,0.2,0.5,11.3,5.883
2020-03-12,0,-1.2,9.4,3.587
2020-03-13,1.6,1.4,6.6,4.025
2020-03-14,0,0.5,4.5,2.054
2020-03-15,0,-3.1,7.6,2.129
2020-03-16,0,-3.9,13.3,3.825
2020-03-17,0,-2.2,13.7,4.475
2020-03-18,0,-1.6,15.5,6.158
2020-03-19,0,0.7,15,6.504
2020-03-20,0,-0.1,15.5,7.075
2020-03-21,0,0.6,15.1,6.987
2020-03-22,0,0.6,12.6,5.829
2020-03-23,0.4,1.3,9.8,5.263
2020-03-24,2.6,0.4,10.7,4.233
2020-03-25,0,-0.2,12.1,4.938
2020-03-26,2,2.2,9.7,5.917
2020-03-27,3.6,4.5,9.6,7.083
2020-03-28,1.2,6.3,11.4,8.721
2020-03-29,1,5,12.8,8.2
2020-03-30,11.4,0.9,8.1,5.154
2020-03-31,0.8,-0.2,9.8,4.575
2020-04-01,1,1.5,10.6,5.046
2020-04-02,0.8,1.5,8.1,4.483
2020-04-03,1,0.8,8.8,3.863
2020-04-04,0.2,0.3,9.1,4.258
2020-04-05,0,0.9,12.8,6.029
2020-04-06,0,-1.4,15,6.579
2020-04-07,0,2.9,14.1,7.812
2020-04-08,0,-0.3,16.4,7.996
2020-04-09,0,1.3,18.6,9.921
2020-04-10,0,4.1,17.6,10.817
2020-04-11,0,2.3,16.5,9.412
2020-04-12,0,-0.3,15.8,7.767
2020-04-13,0,-0.1,17.3,9.088
2020-04-14,0,3.6,17.9,10.629
2020-04-15,0,5.9,20.1,12.121
2020-04-16,0,3.4,21.4,11.963
2020-04-17,0.4,3.8,15.9,10.75
2020-04-18,0.8,9,18.9,12.704
2020-04-19,0,7,18.1,11.846
2020-04-20,0,4.6,17.7,11.704
2020-04-21,0.2,7.8,16,11.463
2020-04-22,23.2,6.2,11.8,8.946
2020-04-23,0,6,17.2,11.292
2020-04-24,0,5,13.8,9.854
2020-04-25,3.2,7.1,16.3,11.4
2020-04-26,6.2,5.4,14.6,10.2
2020-04-27,0.2,7.4,15.4,10.75
2020-04-28,1,4.6,13,8.804
2020-04-29,0.8,5.4,15.5,10.558
2020-04-30,0.4,6.1,15.9,10.817
2020-05-01,0,6.5,16.6,11.196
2020-05-02,2.8,4.8,13.4,9.475
2020-05-03,1.2,3.8,13.6,8.262
2020-05-04,1.8,1.9,15.2,8.692
2020-05-05,0.2,3.7,19.2,11.854
2020-05-06,0,6.7,17.5,12.325
2020-05-07,0,3.2,19.1,11.762
2020-05-08,0,8.5,25.4,16.879
2020-05-09,0,8.2,26.4,18.075
2020-05-10,0,10.5,28,19.229
2020-05-11,2.2,10.8,24.3,17.175
2020-05-12,14.2,10.6,19,13.188
2020-05-13,10,9.3,15.5,12
2020-05-14,0,6.8,19.6,12.479
2020-05-15,0,7.7,19.6,13.375
2020-05-16,12.4,9.4,13.7,11.983
2020-05-17,1.6,8,17.6,13.058
2020-05-18,0,6.1,20.5,13.575
2020-05-19,0,9.2,19.7,14.713
2020-05-20,0,9.8,18.8,14.158
2020-05-21,3,6.8,14.1,10.771
2020-05-22,0,5.6,17.7,11.842
2020-05-23,0,10.1,19.7,13.812
2020-05-24,0.2,9.1,18.1,13.358
2020-05-25,7.8,10.9,17.8,13.775
2020-05-26,0.2,8.9,19,14.258
2020-05-27,0,6.6,24.1,15.296
2020-05-28,0,8.8,26.3,18
2020-05-29,0,11,24.3,18.108
2020-05-30,1.4,11.2,16.1,13.825
2020-05-31,0,8.6,19.1,13.492
2020-06-01,0,5.6,21.2,13.637
2020-06-02,2,8.1,15.6,11.433
2020-06-03,0,7.4,18.3,13.529
2020-06-04,3.2,9.1,20.8,14.062
2020-06-05,0,8.9,20.3,13.696
2020-06-06,0,8.8,15.9,12.746
2020-06-07,0,6.9,20.3,13.792
2020-06-08,0,10.3,17.3,13.363
2020-06-09,7.6,9.6,10.1,9.88
2020-06-10,1.1,11.817,20.223,15.757
2020-06-11,0.2,12.397,20.119,15.96
2020-06-12,7.2,10.852,18.057,14.128
2020-06-13,4.6,9.308,17.336,13.008
2020-06-14,0.2,6.895,18.676,12.397
2020-06-15,5.5,10.659,18.47,14.331
2020-06-16,0.2,7.571,20.635,13.72
2020-06-17,0.2,8.536,22.594,15.146
2020-06-18,0.2,9.501,24.347,16.571
2020-06-19,0.6,12.783,23.213,17.691
2020-06-20,3.6,16.161,20.016,17.895
2020-06-21,0.2,13.941,21.769,17.589
2020-06-22,0.2,9.211,23.11,15.757
2020-06-23,0.2,12.879,24.037,18.2
2020-06-24,0.9,15.678,23.625,19.524
2020-06-25,0.2,11.817,25.996,18.607
2020-06-26,0.2,13.265,23.728,18.302
2020-06-27,0.9,11.419,19.008,15.733
2020-06-28,0.6,10.565,24.919,17.48
2020-06-29,0,12.292,23.809,18.418
2020-06-30,0,13.137,21.39,16.559
2020-07-01,0,12.944,17.867,15.19
2020-07-02,0,12.437,19.674,15.373
2020-07-03,12.2,10.858,14.553,12.477
2020-07-04,0.2,10.614,19.532,14.343
2020-07-05,0,9.089,23.617,16.537
2020-07-06,0,9.854,22.465,16.555
2020-07-07,0,12.534,19.103,15.666
2020-07-08,0.2,9.854,21.342,15.603
2020-07-09,1.4,12.703,22.609,16.414
2020-07-10,0,11.394,22.369,16.659
2020-07-11,0.2,11.516,18.889,15.134
2020-07-12,0,10.1,23.761,15.926
2020-07-13,0,8.444,23.954,16.353
2020-07-14,0,10.051,25.695,18.159
2020-07-15,0,12.316,27.53,20.037
2020-07-16,0,13.786,27.308,19.849
2020-07-17,0,13.642,24.146,18.54
2020-07-18,0,11.2,26.891,19.233
2020-07-19,0,14.385,26.573,20.755
2020-07-20,0,14.002,32.021,22.431
2020-07-21,0,14.96,28.717,21.72
2020-07-22,0,16.129,25.89,20.124
2020-07-23,0,14.912,25.477,18.819
2020-07-24,0,13.666,22.681,17.547
2020-07-25,0,9.756,25.695,17.843
2020-07-26,0,10.834,30.95,21.069
2020-07-27,0,13.594,32.407,22.988
2020-07-28,0,14.888,27.604,20.534
2020-07-29,0,11.175,28.891,20.306
2020-07-30,0,12.968,34.071,23.343
2020-07-31,0,17.177,29.665,22.704
2020-08-01,0,14.026,27.284,20.278
2020-08-02,0,12.775,28.221,19.927
2020-08-03,0,14.745,28.766,20.915
2020-08-04,0,13.69,28.99,21.086
2020-08-05,0,14.098,29.865,21.375
2020-08-06,8.6,15.079,22.705,18.352
2020-08-07,3.6,12.727,21.485,16.15
2020-08-08,0.2,12.074,21.748,16.365
2020-08-09,0,10.32,25.137,17.843
2020-08-10,0,12.558,25.817,18.652
2020-08-11,0,11.2,23.256,16.35
2020-08-12,0,10.883,21.939,15.933
2020-08-13,0,8.668,23.905,16.036
2020-08-14,0,9.879,26.842,18.323
2020-08-15,0,12.219,29.941,20.694
2020-08-16,0,13.305,34.572,23.805
2020-08-17,0.2,17.629,31.459,23.975
2020-08-18,0,15.366,28.965,21.147
2020-08-19,0,13.305,25.404,19.325
2020-08-20,11,14.912,20.007,17.319
2020-08-21,2.2,14.792,22.609,17.636
2020-08-22,0,11.151,24.243,17.123
2020-08-23,0,10.247,23.352,16.487
2020-08-24,0,12.703,23.497,17.438
2020-08-25,0,9.854,25.21,16.897
2020-08-26,0,10.443,25.453,17.164
2020-08-27,0,10.883,25.404,17.702
2020-08-28,0,11.346,24.484,17.713
2020-08-29,0,11.224,22.034,16.262
2020-08-30,2.6,7.82,22.298,13.827
2020-08-31,0.2,10.883,22.202,15.364
2020-09-01,0,11.029,24.823,17.307
2020-09-02,0,12.364,26.061,17.869
2020-09-03,0,12.268,26.646,18.497
2020-09-04,0,11.613,29.665,19.974
2020-09-05,0,13.353,23.184,17.836
2020-09-06,0,11.71,26.818,18.051
2020-09-07,0,14.745,29.015,21.412
2020-09-08,0,11.273,28.493,19.614
2020-09-09,0,10.001,31.382,19.971
2020-09-10,0,12.34,33.001,21.508
2020-09-11,0,13.473,26.134,18.555
2020-09-12,0,10.687,16.677,13.568
2020-09-13,0,11.321,16.844,13.505
2020-09-14,2.2,10.222,18.295,14.029
2020-09-15,1.4,13.618,25.695,17.884
2020-09-16,0.2,13.377,25.016,17.949
2020-09-17,0.2,14.074,23.905,17.775
2020-09-18,0.6,14.266,18.343,16.09
2020-09-19,0,13.064,22.585,17.679
2020-09-20,0,10.687,22.25,15.326
2020-09-21,0.2,9.41,22.872,14.654
2020-09-22,0,10.736,22.489,15.714
2020-09-23,27.6,12.92,17.296,13.984
2020-09-24,15,11.492,20.246,14.573
2020-09-25,15.6,10.516,20.317,14.119
2020-09-26,2,8.469,14.96,11.438
2020-09-27,0,8.295,19.294,12.678
2020-09-28,0,9.386,22.657,14.669
2020-09-29,0,10.32,26.769,16.678
2020-09-30,0,10.883,26.353,16.479
2020-10-01,0,11.783,24.315,16.035
2020-10-02,0,11.053,24.605,16.352
2020-10-03,0,10.32,20.698,14.339
2020-10-04,0,10.883,16.368,13.151
2020-10-05,0,11.005,20.269,14.113
2020-10-06,0,10.614,21.652,14.462
2020-10-07,0,10.565,21.987,14.749
2020-10-08,0,10.467,18.39,14.628
2020-10-09,9.2,12.171,14.553,13.348
2020-10-10,1.2,9.139,16.082,12.351
2020-10-11,27.4,6.585,10.051,8.906
2020-10-12,0.6,5.693,15.055,9.823
2020-10-13,27.6,8.02,14.625,11.064
2020-10-14,0.6,6.23,15.819,10.775
2020-10-15,0,3.722,12.823,8.499
2020-10-16,0,8.444,18.461,12.973
2020-10-17,0,9.238,13.137,11.066
2020-10-18,15.6,7.97,11.953,9.733
2020-10-19,0,7.217,14.697,9.613
2020-10-20,0.2,3.613,14.861,8.833
2020-10-21,0.2,2.166,13.417,7.306
2020-10-22,0.2,-0.344,11.974,5.27
2020-10-23,10.3,3.227,6.406,4.353
2020-10-24,0.2,0.139,8.984,4.048
2020-10-25,0.2,-2.95,7.025,1.503
2020-10-26,0.7,0.911,7.128,3.539
2020-10-27,0.2,3.806,10.221,6.593
2020-10-28,0.2,6.895,15.789,10.971
2020-10-29,0.2,10.659,14.655,12.397
2020-10-30,5.1,7.088,14.861,10.564
2020-10-31,0.2,1.104,12.283,6.186
2020-11-01,0.2,0.139,14.964,7.001
2020-11-02,0.2,-0.247,13.83,6.288
2020-11-03,35.8,5.833,11.458,8.324
2020-11-04,6.6,11.624,20.223,15.655
2020-11-05,4.4,5.64,14.758,9.851
2020-11-06,0.2,0.042,12.696,5.881
2020-11-07,0.2,-2.274,8.881,2.724
2020-11-08,0.3,-1.502,10.015,3.742
2020-11-09,4.8,-2.178,6.819,1.808
2020-11-10,0.5,-0.054,5.994,2.521
2020-11-11,0.2,-0.923,5.478,1.706
2020-11-12,13.8,3.806,5.581,4.252
2020-11-13,15.5,4.289,10.737,7.102
2020-11-14,8,3.613,7.128,4.964
2020-11-15,12.5,3.613,9.706,6.186
2020-11-16,28.6,3.42,6.509,4.557
2020-11-17,6.8,5.447,11.562,8.121
2020-11-18,9.6,4.868,9.499,6.797
2020-11-19,1.6,1.587,8.468,4.557
2020-11-20,1.4,4.193,11.974,7.611
2020-11-21,0.2,0.332,6.819,3.03
2020-11-22,1.6,0.718,5.375,2.623
2020-11-23,3.3,4.868,8.159,6.084
2020-11-24,6.9,2.166,9.087,5.168
2020-11-25,1,1.394,7.85,4.15
2020-11-26,0.2,3.71,7.85,5.372
2020-11-27,6.6,6.509,9.809,7.815
2020-11-28,0.2,0.911,10.221,5.066
2020-11-29,0.2,0.718,8.571,4.15
2020-11-30,8.6,1.587,10.84,5.779
2020-12-01,0.2,-1.309,7.334,2.419
2020-12-02,0.2,-1.695,10.015,3.641
2020-12-03,0.2,-0.633,6.097,2.215
2020-12-04,0.2,0.621,12.283,5.982
2020-12-05,0.2,-1.405,11.252,4.353
2020-12-06,0.2,1.683,11.974,6.288
2020-12-07,14.9,6.799,7.747,7.001
2020-12-08,7.1,6.235,9.759,7.736
2020-12-09,0.9,2.758,12.974,7.427
2020-12-10,0.3,2.841,6.303,4.15
2020-12-11,0.2,1.49,8.468,4.455
2020-12-12,0.2,-1.888,5.375,1.197
2020-12-13,8.4,2.455,3.416,2.521
2020-12-14,1.8,3.131,10.221,6.186
2020-12-15,16.9,5.351,10.324,7.51
2020-12-16,14.5,5.93,8.159,6.695
2020-12-17,0.7,4.772,11.046,7.51
2020-12-18,19.6,4.248,7.615,5.673
2020-12-19,15.3,3.71,8.984,5.982
2020-12-20,0.3,4.482,11.355,7.51
2020-12-21,36.1,0.911,4.55,2.317
2020-12-22,0.4,2.261,6.008,3.816
2020-12-23,0.4,-0.72,4.936,1.752
2020-12-24,0.2,-4.977,3.004,-1.654
2020-12-25,12.4,-1.599,4.035,0.688
2020-12-26,3,2.938,6.303,4.252
2020-12-27,10.6,3.254,6.544,4.641
2020-12-28,0.2,0.525,7.231,3.335
2020-12-29,10.1,0.718,4.138,2.012
2020-12-30,21.3,1.267,7.08,3.816
2020-12-31,9.9,3.254,8.151,5.363
2021-01-01,17.1,5.242,9.759,7.22
2021-01-02,23.1,5.544,9.087,6.899
2021-01-03,10.2,1.104,8.365,4.252
2021-01-04,20.2,3.131,10.427,6.288
2021-01-05,27.5,0.718,6.2,3.03
2021-01-06,0.7,0.771,8.687,4.332
2021-01-07,0.2,2.166,6.922,4.15
2021-01-08,3.1,0.042,10.634,4.761
2021-01-09,0.2,-0.537,6.097,2.317
2021-01-10,5,4.289,6.922,5.27
2021-01-11,14.9,6.992,8.468,7.408
2021-01-12,28.3,8.15,13.005,10.259
2021-01-13,4.7,1.78,12.283,6.593
2021-01-14,0.2,1.2,10.118,5.168
2021-01-15,0.2,2.166,13.521,7.408
2021-01-16,0.8,0.235,6.612,2.928
2021-01-17,1.6,3.034,10.634,6.39
2021-01-18,0.2,-0.054,7.128,3.03
2021-01-19,0.2,-0.151,9.293,4.048
2021-01-20,0.2,3.42,6.612,4.557
2021-01-21,1.1,-0.151,7.85,3.335
2021-01-22,0.2,-2.853,8.159,2.113
2021-01-23,0.3,-4.591,5.891,0.077
2021-01-24,17.3,1.49,2.797,1.706
2021-01-25,3.6,0.042,5.272,2.113
2021-01-26,1.2,-0.344,5.169,1.91
2021-01-27,2.7,1.49,3.725,2.215
2021-01-28,3.9,3.131,5.478,3.946
2021-01-29,0.2,-0.73,7.334,2.826
2021-01-30,1.3,4,7.643,5.372
2021-01-31,9,5.447,6.509,5.575
2021-02-01,10.9,5.737,6.922,5.982
2021-02-02,0.8,2.262,7.85,4.659
2021-02-03,1.6,1.007,10.221,5.168
2021-02-04,0.2,3.42,9.499,6.084
2021-02-05,0.2,3.613,12.283,7.51
2021-02-06,0.2,4,12.593,7.917
2021-02-07,0.5,-1.019,10.53,4.252
2021-02-08,0.2,-3.336,5.272,0.383
2021-02-09,0.2,-2.853,4.138,0.077
2021-02-10,1.6,-5.073,-0.296,-3.283
2021-02-11,0.2,-2.757,-0.605,-2.265
2021-02-12,0.4,-4.784,-1.018,-3.486
2021-02-13,12.6,-2.66,0.529,-1.654
2021-02-14,5.6,-0.826,1.354,-0.228
2021-02-15,7.6,0.718,5.581,2.724
2021-02-16,0.2,-0.344,12.18,5.372
2021-02-17,0.2,-2.564,8.056,2.113
2021-02-18,5.4,0.332,3.725,1.503
2021-02-19,1.5,-0.44,8.881,3.641
2021-02-20,0.2,-0.344,7.643,3.132
2021-02-21,9.4,3.131,14.552,8.426
2021-02-22,1,5.64,11.768,8.324
2021-02-23,2.1,0.332,9.706,4.557
2021-02-24,0.2,-3.239,6.819,1.197
2021-02-25,4,1.394,9.396,4.862
2021-02-26,0.2,1.394,11.562,5.982
2021-02-27,0.2,-1.792,8.984,3.03
2021-02-28,0.2,4.193,8.468,5.982
2021-03-01,0.2,5.833,13.005,9.037
2021-03-02,0.2,0.621,9.087,4.353
2021-03-03,0.2,1.394,10.737,5.575
2021-03-04,1.9,-0.054,9.912,4.353
2021-03-05,5.8,6.026,11.562,8.426
2021-03-06,0.4,2.745,11.149,6.491
2021-03-07,1.4,3.517,8.571,5.677
2021-03-08,0.2,4,10.634,6.899
2021-03-09,0.7,2.069,11.149,6.084
2021-03-10,1.6,-1.792,10.221,3.641
2021-03-11,0.2,-2.178,12.489,4.557
2021-03-12,0.2,-0.923,12.077,4.964
2021-03-13,0.2,0.042,12.18,5.575
2021-03-14,1.8,3.903,8.675,5.881
2021-03-15,0.2,-2.757,9.912,2.928
2021-03-16,0.2,-2.95,10.84,3.335
2021-03-17,0.2,-0.633,12.386,5.27
2021-03-18,1,1.587,11.768,6.186
2021-03-19,4.4,6.316,10.737,8.222
2021-03-20,0.4,5.447,11.355,8.019
2021-03-21,0.9,4.579,8.365,6.084
2021-03-22,0.7,1.78,11.562,6.186
2021-03-23,0.6,-1.309,11.252,4.353
2021-03-24,1.2,4.289,9.912,6.695
2021-03-25,0.2,2.359,13.108,7.306
2021-03-26,0.2,0.428,13.005,6.186
2021-03-27,0.2,1.49,11.665,6.084
2021-03-28,3.9,3.613,9.499,6.084
2021-03-29,0.2,0.139,11.562,5.27
2021-03-30,0.2,-1.695,11.046,4.15
2021-03-31,0.2,-0.826,13.624,5.881
2021-04-01,0.2,1.683,14.139,7.408
2021-04-02,0.2,4,12.902,8.019
2021-04-03,0.3,5.158,15.067,9.75
2021-04-04,0.2,1.297,11.974,6.084
2021-04-05,0.2,-2.274,13.005,4.761
2021-04-06,0.2,-0.054,14.242,6.593
2021-04-07,1,5.737,10.324,7.713
2021-04-08,0.2,3.801,11.492,8.257
2021-04-09,6.2,2.503,7.82,5.093
2021-04-10,0.2,-0.817,9.509,4.18
2021-04-11,0,-2.363,10.418,3.981
2021-04-12,0,-1.986,15.199,7.289
2021-04-13,0,2.93,18.533,10.237
2021-04-14,0,1.507,21.032,11.367
2021-04-15,0,3.643,23.689,13.354
2021-04-16,0,4.844,23.689,14.36
2021-04-17,0,5.616,24.557,14.912
2021-04-18,0,6.382,23.184,15.041
2021-04-19,0,7.066,22.058,14.637
2021-04-20,0,4.766,20.865,12.909
2021-04-21,0,5.076,21.652,12.676
2021-04-22,0,4.869,18.818,11.936
2021-04-23,0,6.864,15.676,11.281
2021-04-24,6,6.864,10.98,8.938
2021-04-25,3.8,6.509,11.467,8.732
2021-04-26,0,6.636,16.534,10.417
2021-04-27,0,5.565,14.673,10.612
2021-04-28,0,8.965,15.247,11.672
2021-04-29,0,8.717,20.293,14.239
2021-04-30,2.2,9.361,19.222,13.416
2021-05-01,0,7.544,17.986,11.859
2021-05-02,0,3.958,17.368,10.803
2021-05-03,1.2,7.368,12.606,9.782
2021-05-04,0,6.382,17.058,12.175
2021-05-05,0,3.854,17.582,11.158
2021-05-06,0,6.965,16.677,11.622
2021-05-07,1.8,6.433,14.266,9.311
2021-05-08,0,6.255,14.266,10.101
2021-05-09,0,6.813,17.677,11.056
2021-05-10,0,4.61,17.415,11.276
2021-05-11,0,4.506,22.082,13.225
2021-05-12,2.6,9.928,17.13,13.476
2021-05-13,0,7.242,22.274,14.762
2021-05-14,0,7.72,23.352,15.707
2021-05-15,0,7.87,22.729,15.684
2021-05-16,0,9.336,23.881,16.305
2021-05-17,5.6,8.344,18.652,12.666
2021-05-18,0,5.308,15.366,9.855
2021-05-19,0,3.88,16.177,9.762
2021-05-20,0,3.591,20.77,12.272
2021-05-21,0,5.565,21.318,13.739
2021-05-22,0,6.026,21.581,14.4
2021-05-23,0,10.932,16.677,13.798
2021-05-24,1.4,10.785,15.509,12.577
2021-05-25,1,10.638,17.843,13.951
2021-05-26,0,9.41,14.673,12.094
2021-05-27,2.6,9.287,16.058,12.087
2021-05-28,0,8.045,19.127,12.922
2021-05-29,0,5.36,21.246,13.59
2021-05-30,0,8.444,21.294,14.759
2021-05-31,0,10.761,25.355,18.224
2021-06-01,0,11.734,29.966,21.042
2021-06-02,0,13.858,30.117,22.317
2021-06-03,0,15.39,26.622,20.928
2021-06-04,0.2,11.394,21.485,15.402
2021-06-05,0.2,9.78,18.889,13.4
2021-06-06,5.4,7.091,12.896,9.928
2021-06-07,1.4,4.662,15.342,9.837
2021-06-08,0,4.636,18.937,11.591
2021-06-09,3.2,7.77,18.866,12.023
2021-06-10,0,6.051,18.937,12.236
2021-06-11,4.8,7.995,16.868,11.723
2021-06-12,1.6,9.114,21.27,14.66
2021-06-13,15.8,12.437,19.532,14.933
2021-06-14,0.2,11.71,21.581,16.129
2021-06-15,1.2,8.891,20.007,14.625
2021-06-16,0,10.59,22.992,16.322
2021-06-17,0,8.568,26.72,17.607
2021-06-18,0,10.516,23.497,17.529
2021-06-19,0,10.932,24.363,17.453
2021-06-20,0,12.437,28.617,20.407
2021-06-21,0,12.389,30.925,22.166
2021-06-22,0,14.17,27.308,20.993
2021-06-23,0,12.582,25.841,18.971
2021-06-24,0,13.497,27.801,20.81
2021-06-25,0,15.533,34.36,25.695
2021-06-26,0,18.01,38.672,28.481
2021-06-27,0,19.698,38.868,30.154
2021-06-28,0,21.509,42.149,31.751
2021-06-29,0,20.841,34.995,27.711
2021-06-30,0,18.176,28.866,22.626
2021-07-01,0,17.368,25.987,20.694
2021-07-02,0,15.199,26.867,20.749
2021-07-03,0,13.954,27.21,20.905
2021-07-04,0,13.594,27.85,21.023
2021-07-05,0,14.29,25.671,20.444
2021-07-06,0,13.064,30.041,21.571
2021-07-07,0,14.912,25.55,19.204
2021-07-08,0,12.63,24.653,18.512
2021-07-09,0,12.92,28.766,20.965
2021-07-10,0,14.529,28.147,21.873
2021-07-11,0,13.088,28.245,20.999
2021-07-12,0,13.522,29.89,21.745
2021-07-13,0,13.834,29.09,21.129
2021-07-14,0,12.437,26.549,20.247
2021-07-15,0,12.122,25.817,18.727
2021-07-16,0,13.161,22.561,17.513
2021-07-17,0,14.792,25.574,19.341
2021-07-18,0,11.2,27.776,19.274
2021-07-19,0,11.904,29.265,21.016
2021-07-20,0,15.175,26.573,20.338
2021-07-21,0,12.534,25.38,18.307
2021-07-22,0,10.051,25.162,18.029
2021-07-23,0,16.344,27.136,20.563
2021-07-24,0,13.401,30.192,21.884
2021-07-25,0,14.816,28.667,22.225
2021-07-26,0,14.122,28.891,21.808
2021-07-27,0,13.69,29.04,21.493
2021-07-28,0,13.57,31.637,22.725
2021-07-29,0,14.625,33.001,23.753
2021-07-30,0,16.439,36.389,25.782
2021-07-31,0,19.008,30.596,23.26
2021-08-01,0,17.201,31.281,22.56
2021-08-02,0,14.697,29.34,21.9
2021-08-03,0,14.385,30.672,22.544
2021-08-04,0,13.522,32.381,23.043
2021-08-05,0,16.844,31.791,24.149
2021-08-06,0.2,14.792,25.598,20.609
2021-08-07,3.2,14.098,24.653,17.848
2021-08-08,0,13.906,24.195,18.472
2021-08-09,0,12.896,26.28,19.378
2021-08-10,0,13.594,28.568,21.194
2021-08-11,0,15.294,32.742,23.601
2021-08-12,0,18.889,37.921,27.679
2021-08-13,0,17.582,35.208,25.106
2021-08-14,0,16.844,28.667,22.592
2021-08-15,0,13.882,29.765,21.102
2021-08-16,0,15.581,22.848,20.156
2021-08-17,0,11.953,24.726,18.046
2021-08-18,0,10.785,25.866,17.906
2021-08-19,0,12.268,25.186,18.915
2021-08-20,0,12.606,21.987,16.477
2021-08-21,0,13.088,23.857,17.644
2021-08-22,0,13.666,20.65,16.559
2021-08-23,0,9.534,21.891,15.733
2021-08-24,0,8.245,25.72,16.616
2021-08-25,0,9.139,26.304,17.8
2021-08-26,0,15.867,19.436,17.055
2021-08-27,0,12.05,21.39,17.162
2021-08-28,0,9.262,24.847,16.937
2021-08-29,0,10.516,25.744,17.786
2021-08-30,0,12.074,20.269,15.414
2021-08-31,0,9.534,19.627,14.55
2021-09-01,0,6.535,22.154,13.97
2021-09-02,0,7.82,27.431,17.238
2021-09-03,0,9.312,22.537,16.133
2021-09-04,10,10.565,19.365,14.382
2021-09-05,0.6,12.437,20.031,15.898
2021-09-06,0,11.224,23.785,16.856
2021-09-07,0,10.565,27.776,18.382
2021-09-08,1,15.27,26.085,19.71
2021-09-09,0,14.888,28.27,20.48
2021-09-10,0,16.034,25.307,19.403
2021-09-11,1.8,14.29,17.082,15.537
2021-09-12,0.2,12.678,22.705,16.318
2021-09-13,0,8.668,22.058,15.01
2021-09-14,0.8,9.879,14.05,12.422
2021-09-15,0,8.444,19.912,13.68
2021-09-16,0,5.179,19.436,11.561
2021-09-17,32.2,9.534,14.337,11.449
2021-09-18,7.8,11.273,18.842,14.396
2021-09-19,0.8,10.296,20.507,13.882
2021-09-20,0,10.222,17.915,13.447
2021-09-21,0,7.192,25.234,14.612
2021-09-22,1.2,11.443,21.652,15.178
2021-09-23,0,10.932,21.533,15.099
2021-09-24,0,8.469,25.501,14.889
2021-09-25,0,9.952,24.219,15.737
2021-09-26,28.8,11.686,14.409,13.055
2021-09-27,6.2,11.151,16.32,13.132
2021-09-28,0.4,9.977,17.106,13.145
2021-09-29,10.2,10.345,13.088,11.65
2021-09-30,9.6,9.78,17.724,13.222
2021-10-01,0.2,5.642,17.534,10.793
2021-10-02,0,7.995,16.749,11.897
2021-10-03,0,8.668,18.081,13.053
2021-10-04,0,5.411,17.082,10.586
2021-10-05,6.4,5.488,15.223,9.834
2021-10-06,9,4.636,12.268,7.514
2021-10-07,0.2,5.282,13.978,7.993
2021-10-08,0,5.231,15.819,8.786
2021-10-09,4.2,4.61,10.98,8.396
2021-10-10,0.6,3.801,14.577,8.697
2021-10-11,0.4,0.218,13.954,5.355
2021-10-12,3,0.88,8.295,4.859
2021-10-13,1.6,3.248,11.078,7.476
2021-10-14,1.2,7.469,11.273,9.063
2021-10-15,1,9.952,12.944,11.663
2021-10-16,21.4,11.248,14.002,12.141
2021-10-17,4.4,7.745,13.497,10.875
2021-10-18,0,4.532,13.209,8.024
2021-10-19,0,2.93,13.064,7.512
2021-10-20,2.2,7.343,14.649,9.926
2021-10-21,6,7.67,12.509,10.11
2021-10-22,1.2,7.645,13.834,10.497
2021-10-23,0.6,8.22,13.161,10.163
2021-10-24,5.8,8.668,12.461,10.264
2021-10-25,10.2,8.866,11.807,10.443
2021-10-26,2.4,6.763,12.147,9.72
2021-10-27,0.8,5.231,13.738,8.796
2021-10-28,31.8,7.594,9.064,8.126
2021-10-29,0,4.402,13.137,8.079
2021-10-30,0,2.236,11.492,6.016
2021-10-31,0.2,-1.756,13.161,3.661
2021-11-01,6,-0.591,8.568,3.714
2021-11-02,22.6,4.089,10.247,7.8
2021-11-03,16.8,8.941,11.005,9.894
2021-11-04,14.6,7.419,14.194,11.086
2021-11-05,1.8,5.668,11.127,8.201
2021-11-06,13.4,2.637,6.99,5.041
2021-11-07,18.2,3.538,6.484,4.643
2021-11-08,1.2,1.153,9.682,5.092
2021-11-09,19.2,3.195,7.82,5.994
2021-11-10,1.2,-0.563,8.866,4.452
2021-11-11,14.2,6,7.041,6.532
2021-11-12,1.4,5.898,11.248,8.475
2021-11-13,28.2,4.792,8.344,6.29
2021-11-14,62.2,6.281,11.297,8.957
2021-11-15,50.8,3.564,12.534,8.742
2021-11-16,0,-0.06,9.015,4.158
2021-11-17,0,-1.699,6.077,1.893
2021-11-18,8,2.182,4.115,3.118
2021-11-19,1.6,-0.563,7.343,3.348
2021-11-20,0,-0.451,6.382,2.573
2021-11-21,0,1.724,8.444,4.29
2021-11-22,1.8,-0.704,8.469,4.234
2021-11-23,0.2,1.262,9.903,5.411
2021-11-24,0.2,0.301,7.469,3.469
2021-11-25,29.6,5.796,7.92,6.961
2021-11-26,1.4,4.428,10.222,7.06
2021-11-27,23.6,4.973,8.195,6.716
2021-11-28,16,8.195,12.992,10.215
2021-11-29,2,7.895,12.05,9.785
2021-11-30,3.4,7.845,12.098,10.092
2021-12-01,0.6,9.583,14.625,12.549
2021-12-02,0,-0.958,8.693,5.721
2021-12-03,0,-2.712,5.385,0.844
2021-12-04,5,-1.47,3.195,0.964
2021-12-05,0.2,-3.153,2.289,-0.782
2021-12-06,10.2,0.051,2.047,0.934
2021-12-07,2.2,1.778,6.458,3.495
2021-12-08,0.4,0.989,6.914,3.993
2021-12-09,0,-1.071,5.668,2.335
2021-12-10,21.4,-2.16,6.331,1.533
2021-12-11,19.2,1.153,6.712,4.361
2021-12-12,9.2,-0.367,3.564,1.29
2021-12-13,7.8,0.439,4.532,3.069
2021-12-14,1,-2.131,3.142,0.646
2021-12-15,1.2,3.168,6.99,4.669
2021-12-16,0.6,-1.584,5.796,2.236
2021-12-17,0.8,-1.584,2.744,0.25
2021-12-18,41.6,-0.283,5.334,1.316
2021-12-19,0.2,-1.871,3.38,0.97
2021-12-20,0,-2.102,2.61,0.129
2021-12-21,2.6,-3.035,2.021,-0.393
2021-12-22,19.2,0.77,8.369,5.205
2021-12-23,0.4,-1.015,3.749,1.245
2021-12-24,7,-0.367,4.246,1.207
2021-12-25,0.4,-3.094,1.778,-0.227
2021-12-26,0,-7.64,-3.747,-5.823
2021-12-27,0,-8.831,-4.834,-7.402
2021-12-28,0,-6.77,-3.301,-5.365
2021-12-29,0.2,-4.895,-1.986,-3.295
2021-12-30,0,-6.898,0.907,-2.699
2021-12-31,0,-9.61,-1.527,-6.142
2022-01-01,0,-9.885,1.561,-3.835
2022-01-02,24.4,0.825,6.408,3.639
2022-01-03,9.8,-0.704,4.558,2.203
2022-01-04,14.2,-0.958,2.637,1.036
2022-01-05,0,-1.384,0.577,-0.491
2022-01-06,1.2,-1.356,0.934,-0.238
2022-01-07,22.6,-2.508,2.77,0.619
2022-01-08,3.4,-3.39,3.932,-0.271
2022-01-09,0,-2.073,5.591,0.821
2022-01-10,3.4,-2.888,3.38,0.636
2022-01-11,20.6,2.53,7.87,6.072
2022-01-12,15,4.74,10.222,6.391
2022-01-13,4.4,4.869,8.717,6.431
2022-01-14,0,4.584,7.92,6.143
2022-01-15,0.2,2.289,5.924,4.953
2022-01-16,0,4.324,7.268,5.316
2022-01-17,0,3.221,8.494,5.577
2022-01-18,3.8,5.642,7.97,6.46
2022-01-19,5.6,5.179,7.469,6.347
2022-01-20,5.6,4.61,11.516,7.568
2022-01-21,0,1.262,7.569,4.066
2022-01-22,0,1.344,7.419,4.074
2022-01-23,0,0.989,3.459,2.256
2022-01-24,0,2.047,4.973,3.038
2022-01-25,0,0.687,3.906,2.228
2022-01-26,0,-0.704,5.024,1.599
2022-01-27,0,-2.421,7.343,0.51
2022-01-28,0.2,-3.717,5.872,-0.797
2022-01-29,3.2,-0.563,5.693,2.258
2022-01-30,8.4,1.778,7.995,4.898
2022-01-31,0,-0.591,7.569,3.235
2022-02-01,0.2,-2.363,4.688,0.141
2022-02-02,1.2,-1.929,2.983,0.597
2022-02-03,2,2.262,5.591,3.815
2022-02-04,0.2,3.801,11.224,6.848
2022-02-05,0,1.643,8.344,4.883
2022-02-06,0,0.135,11.662,3.58
2022-02-07,0,-0.171,11.856,6.249
2022-02-08,1,3.089,8.618,5.964
2022-02-09,0.2,5.385,8.344,6.686
2022-02-10,0.2,3.327,9.064,6.117
2022-02-11,0,2.477,11.005,6.676
2022-02-12,0,-1.9,13.185,3.381
2022-02-13,0.2,-2.16,11.662,3.232
2022-02-14,0,1.805,9.879,5.943
2022-02-15,0,-0.423,11.662,4.12
2022-02-16,0,-0.817,11.589,4.277
2022-02-17,0,0.742,12.074,5.361
2022-02-18,0,2.289,12.389,5.951
2022-02-19,0.2,2.316,11.856,6.29
2022-02-20,0,-0.004,9.262,3.483
2022-02-21,5,-1.128,7.318,1.951
2022-02-22,0,-4.926,2.477,-0.96
2022-02-23,0,-7.155,3.722,-2.017
2022-02-24,0,-3.065,7.041,1.318
2022-02-25,0,-4.957,7.645,-0.718
2022-02-26,15.2,-3.183,5.514,0.904
2022-02-27,30,5.154,11.443,7.74
2022-02-28,23.4,5.076,8.27,6.823
2022-03-01,3.6,5.231,14.337,8.889
2022-03-02,5.8,3.854,10.467,7.266
2022-03-03,0,1.317,11.2,5.307
2022-03-04,0,2.396,11.467,6.289
2022-03-05,0,-1.299,12.896,4.658
2022-03-06,0.2,-1.727,14.05,4.583
2022-03-07,0,2.047,13.257,6.05
2022-03-08,1.8,3.459,10.858,6.369
2022-03-09,0,-2.363,7.945,3.239
2022-03-10,0,-3.926,7.895,2.02
2022-03-11,2.4,2.37,7.368,4.321
2022-03-12,3.2,3.38,7.77,5.146
2022-03-13,0.4,5.411,11.321,7.707
2022-03-14,14,6.026,9.558,7.328
2022-03-15,1.8,3.827,11.613,7.146
2022-03-16,0,2.717,12.025,7.086
2022-03-17,11,5.179,8.12,6.29
2022-03-18,0.4,5.949,10.614,7.539
2022-03-19,2.2,3.749,10.663,7.098
2022-03-20,1.6,0.301,7.569,4.263
2022-03-21,17,4.584,7.142,6.048
2022-03-22,4.8,6.408,10.785,8.342
2022-03-23,0.2,5.128,14.792,9.9
2022-03-24,0,0.356,13.594,6.103
2022-03-25,0,4.272,12.92,7.883
2022-03-26,8.8,5.847,12.316,7.834
2022-03-27,0.8,7.745,14.314,10.097
2022-03-28,2.4,5.821,14.457,9.733
2022-03-29,0,2.877,14.529,8.557
2022-03-30,0,4.688,12.243,8.445
2022-03-31,0,2.61,13.112,7.137
2022-04-01,0.4,4.246,10.687,6.974
2022-04-02,0,4.558,12.001,8.16
2022-04-03,23.2,4.895,8.444,6.847
2022-04-04,19.2,3.301,8.593,6.095
2022-04-05,0,3.538,11.71,7.518
2022-04-06,0,-0.479,13.233,6.096
2022-04-07,0,3.564,17.344,10.834
2022-04-08,1.6,3.722,11.37,9.213
2022-04-09,0,1.724,11.589,6.128
2022-04-10,13,1.994,7.167,3.511
2022-04-11,1.6,1.913,13.786,6.837
2022-04-12,1,1.317,6.331,3.867
2022-04-13,0.2,2.021,9.78,5.418
2022-04-14,0,-0.032,12.654,5.87
2022-04-15,0,-1.756,10.075,3.764
2022-04-16,0,-0.958,11.346,4.735
2022-04-17,0,-0.62,12.896,6.56
2022-04-18,20,4.428,9.386,6.909
2022-04-19,0.4,1.859,11.613,6.051
2022-04-20,3.8,-0.873,10.59,5.564
2022-04-21,2.6,3.168,13.618,7.371
2022-04-22,0,3.327,15.031,8.843
2022-04-23,0,2.93,16.368,9.264
2022-04-24,1.6,2.77,17.082,9.407
2022-04-25,6.6,5.024,13.088,9.208
2022-04-26,3,2.343,11.37,6.75
2022-04-27,0,0.329,12.968,6.35
2022-04-28,0.6,1.615,12.389,6.855
2022-04-29,0.2,1.832,14.29,8.655
2022-04-30,26.8,6.128,13.906,9.629
2022-05-01,0,3.538,15.247,9.724
2022-05-02,4.2,7.92,13.882,10.223
2022-05-03,0.4,7.015,13.449,10.161
2022-05-04,1.6,5.975,13.594,9.049
2022-05-05,9.8,6.331,9.682,8.208
2022-05-06,0.2,3.406,13.353,8.306
2022-05-07,0,1.94,13.93,7.574
2022-05-08,0.2,2.877,12.316,7.356
2022-05-09,0.2,3.854,13.449,8.793
2022-05-10,0,5.231,15.676,10.233
2022-05-11,0.8,4.376,14.457,8.716
2022-05-12,6.8,5.102,11.078,7.772
2022-05-13,0.8,1.643,13.858,8.178
2022-05-14,5,7.015,13.93,9.582
2022-05-15,12.4,8.841,14.649,11.024
2022-05-16,0,7.318,15.366,12.025
2022-05-17,1.6,5.719,16.058,10.082
2022-05-18,8.2,6.357,14.17,10.303
2022-05-19,0,5.179,15.461,10.334
2022-05-20,0,3.591,20.269,11.841
2022-05-21,0,4.895,21.7,13.439
2022-05-22,0,5.205,21.39,13.966
2022-05-23,1.6,10.492,18.533,14.487
2022-05-24,0,8.618,15.223,11.804
2022-05-25,1.2,10.149,20.841,14.308
2022-05-26,8.8,8.394,16.058,12.209
2022-05-27,3,8.717,16.701,12.37
2022-05-28,0,8.095,15.39,11.353
2022-05-29,0,7.041,15.079,11.723
2022-05-30,2,9.139,16.939,11.818
2022-05-31,0,9.262,20.079,14.01
2022-06-01,0,9.608,21.628,15.481
2022-06-02,0,12.992,22.992,17.177
2022-06-03,10.4,12.001,20.293,15.234
2022-06-04,6.6,9.903,17.582,13.328
2022-06-05,5,11.88,19.746,15.03
2022-06-06,0,8.767,16.796,13.221
2022-06-07,0,8.195,21.437,15.031
2022-06-08,0.6,11.734,20.317,15.411
2022-06-09,20.4,11.078,13.425,12.069
2022-06-10,4.4,11.127,19.318,14.997
2022-06-11,0.2,9.903,19.722,15.061
2022-06-12,0,10.32,19.318,13.549
2022-06-13,0,10.785,16.606,13.365
2022-06-14,0,8.668,20.269,13.898
2022-06-15,0.4,9.509,17.463,12.677
2022-06-16,4.2,10.467,17.629,13.491
2022-06-17,0,7.72,21.509,14.742
2022-06-18,0.4,12.001,17.772,14.672
2022-06-19,0.2,11.321,20.412,15.264
2022-06-20,0,9.534,21.246,15.533
2022-06-21,0,10.443,20.817,15.655
2022-06-22,0,12.316,21.175,16.8
2022-06-23,0,6.636,21.509,14.352
2022-06-24,0,6.839,26.671,16.537
2022-06-25,0,9.706,29.665,20.432
2022-06-26,0,12.074,31.893,22.532
2022-06-27,0,12.823,31.331,22.762
2022-06-28,0,14.745,19.318,17.081
2022-06-29,0,12.34,20.793,16.606
2022-06-30,0,10.149,25.598,17.419
2022-07-01,0,11.856,26.475,19.386
2022-07-02,0,12.147,24.484,18.33
2022-07-03,17.6,13.016,17.153,14.785
2022-07-04,1.2,12.437,18.295,14.943
2022-07-05,0,11.175,24.388,17.251
2022-07-06,4.2,14.768,22.776,17.698
2022-07-07,0.4,14.505,23.809,18.283
2022-07-08,0,13.353,22.705,18.184
2022-07-09,0,12.219,23.809,17.712
2022-07-10,0,13.786,23.857,18.59
2022-07-11,0,12.074,29.34,20.526
2022-07-12,0,12.871,27.949,20.429
2022-07-13,0,10.663,24.291,18.018
2022-07-14,0,12.074,25.186,18.557
2022-07-15,2,14.409,21.127,17.245
2022-07-16,0,13.906,21.056,17.391
2022-07-17,0.8,12.703,19.984,15.892
2022-07-18,0,12.654,22.705,17.252
2022-07-19,0,11.053,26.891,18.859
2022-07-20,0,13.473,28.419,20.86
2022-07-21,0,14.529,27.875,21.023
2022-07-22,0,12.871,24.122,18.125
2022-07-23,0,13.088,25.283,18.874
2022-07-24,0,12.268,28.468,19.588
2022-07-25,0,13.546,32.381,22.655
2022-07-26,0,15.986,37.069,25.76
2022-07-27,0,18.105,33.966,25.795
2022-07-28,0,17.653,34.466,25.771
2022-07-29,0,18.533,35.235,26.424
2022-07-30,0,15.366,34.624,25.058
2022-07-31,0,16.106,32.975,24.48
2022-08-01,0,15.509,28.642,21.761
2022-08-02,0,14.697,25.695,19.464
2022-08-03,0,14.409,24.508,17.975
2022-08-04,0,12.799,22.872,17.179
2022-08-05,0,9.829,26.402,17.976
2022-08-06,0,11.102,30.192,20.517
2022-08-07,0,11.516,31.255,21.525
2022-08-08,0,13.882,31.74,22.09
2022-08-09,0,15.008,30.672,21.828
2022-08-10,0.2,15.509,23.472,19.415
2022-08-11,0,16.392,27.998,21.456
2022-08-12,0,13.088,28.221,20.189
2022-08-13,0,15.008,24.146,19.258
2022-08-14,0,11.904,28.072,19.413
2022-08-15,0,13.353,29.665,21.375
2022-08-16,0,15.629,29.464,22.596
2022-08-17,0,13.473,33.94,23.645
2022-08-18,0,16.344,35.342,24.586
2022-08-19,0,17.724,29.815,22.554
2022-08-20,0,15.031,27.308,20.912
2022-08-21,0,15.199,26.402,20.566
2022-08-22,0,13.209,29.665,20.844
2022-08-23,0,14.361,29.515,21.166
2022-08-24,0,14.29,34.73,23.103
2022-08-25,0,16.415,31.816,23.202
2022-08-26,0,14.361,24.726,18.651
2022-08-27,0,13.449,23.448,17.685
2022-08-28,0,12.389,26.207,18.216
2022-08-29,0,12.34,30.672,20.69
2022-08-30,0,14.05,32.407,22.612
2022-08-31,0,14.84,32.665,22.96
2022-09-01,0,14.002,26.598,19.83
2022-09-02,0,12.389,30.167,20.721
2022-09-03,0,16.177,25.137,19.852
2022-09-04,1.2,14.002,22.776,17.344
2022-09-05,0,12.074,24.05,17.589
2022-09-06,0,7.995,28.147,16.942
2022-09-07,0,10.59,26.451,17.742
2022-09-08,0,6.965,24.436,15.873
2022-09-09,0,10.418,27.382,18.022
2022-09-10,0,9.312,30.268,18.183
2022-09-11,0,12.195,27.014,18.898
2022-09-12,0,13.353,25.647,18.052
2022-09-13,0,12.534,24.05,17.355
2022-09-14,0,11.029,24.726,16.959
2022-09-15,6,13.57,19.532,16.224
2022-09-16,0,10.907,20.341,15.162
2022-09-17,0,8.419,18.414,13.046
2022-09-18,0,7.167,24.871,14.775
2022-09-19,0,5.872,24.919,14.628
2022-09-20,0,6.153,26.378,15.568
2022-09-21,0,6.408,28.692,15.769
2022-09-22,0,10.907,23.208,16.159
2022-09-23,0.6,13.233,18.889,15.781
2022-09-24,0,10.198,22.393,15.784
2022-09-25,0,9.089,26.158,16.345
2022-09-26,0,9.114,28.147,17.279
2022-09-27,0,9.903,28.221,17.266
2022-09-28,0,11.151,20.936,15.635
2022-09-29,0,9.903,23.833,15.314
2022-09-30,0,8.965,23.352,14.793
2022-10-01,0,8.668,26.012,15.859
2022-10-02,0,9.435,28.171,16.773
2022-10-03,0,9.583,27.505,16.725
2022-10-04,0,9.682,21.318,14.088
2022-10-05,0,9.583,24.339,14.967
2022-10-06,0,8.792,25.55,15.561
2022-10-07,0,10.124,27.998,17.073
2022-10-08,0,9.312,27.481,16.161
2022-10-09,0,8.469,26.524,15.12
2022-10-10,0,8.742,22.034,14.418
2022-10-11,0,5.975,19.674,11.534
2022-10-12,0,5.385,21.7,11.852
2022-10-13,0,6.839,26.5,13.937
2022-10-14,0,7.368,24.002,13.872
2022-10-15,0,8.593,26.109,14.762
2022-10-16,0,6.331,27.924,15.015
2022-10-17,0,9.238,20.269,13.713
2022-10-18,0,6.458,22.345,12.585
2022-10-19,0,7.142,22.393,12.788
2022-10-20,0,8.916,21.652,12.866
2022-10-21,3.4,6.585,10.296,8.365
2022-10-22,0.2,3.327,13.882,8.042
2022-10-23,0.8,0.19,12.92,6.129
2022-10-24,5.6,4.869,15.247,9.268
2022-10-25,6.2,4.011,10.271,6.913
2022-10-26,0.2,1.643,9.46,6.186
2022-10-27,7,7.97,14.768,10.96
2022-10-28,1.8,6.204,14.337,9.239
2022-10-29,0,6.357,16.487,10.358
2022-10-30,15,9.287,12.678,10.592
2022-10-31,4.6,4.298,11.88,8.569
2022-11-01,0,-0.227,10.59,3.85
2022-11-02,0.2,0.439,10.173,5.729
2022-11-03,20.8,-0.06,5.898,2.89
2022-11-04,11,4.428,11.613,6.449
2022-11-05,0,2.983,9.706,5.629
2022-11-06,22.2,1.94,7.945,4.287
2022-11-07,0,0.273,3.985,2.488
2022-11-08,2.4,0.135,4.376,1.645
2022-11-09,0,-3.777,6.99,-0.079
2022-11-10,0,-2.16,6.331,2.183
2022-11-11,0.2,1.425,5.924,3.643
2022-11-12,0,0.051,7.945,3.345
2022-11-13,0,2.744,7.368,4.77
2022-11-14,0,0.797,9.287,3.295
2022-11-15,0,-0.283,6.636,1.797
2022-11-16,0,0.024,4.532,1.629
2022-11-17,0,-1.413,10.075,3.635
2022-11-18,0,-3.479,6.661,0.56
2022-11-19,0.2,-4.408,7.091,-0.613
2022-11-20,1.2,-2.976,6.839,1.979
2022-11-21,0.2,3.327,8.717,5.223
2022-11-22,12.2,3.985,7.945,5.837
2022-11-23,0,2.316,8.891,5.637
2022-11-24,0,3.142,9.386,4.814
2022-11-25,2.8,2.262,8.095,5.58
2022-11-26,1,-0.732,9.46,4.392
2022-11-27,1.4,-0.563,9.312,4.185
2022-11-28,2.4,-2.566,2.503,0.163
2022-11-29,17.2,-3.33,3.775,-0.869
2022-11-30,11.8,-2.247,4.298,1.425
2022-12-01,0,-3.508,0.577,-0.988
2022-12-02,0.2,-2.976,1.425,-0.431
2022-12-03,9.4,-0.171,4.011,1.273
2022-12-04,0.2,-3.006,3.116,-0.85
2022-12-05,0,-4.167,1.67,-0.775
2022-12-06,2,0.19,3.301,1.306
2022-12-07,1.8,1.588,4.48,2.673
2022-12-08,5.6,0.051,5.616,2.907
2022-12-09,9.8,-1.613,4.688,1.244
2022-12-10,16.2,4.402,8.469,6.254
2022-12-11,0,3.564,6.889,5.033
2022-12-12,0,-1.67,5.308,1.168
2022-12-13,0.2,-2.218,4.532,1.031
2022-12-14,0,-0.311,5.642,2.692
2022-12-15,0,-2.073,4.506,0.59
2022-12-16,0,-1.441,2.61,0.888
2022-12-17,0,-0.535,2.797,0.947
2022-12-18,0,-4.408,0.77,-1.377
2022-12-19,0,-6.294,-4.834,-5.644
2022-12-20,0.2,-5.76,0.107,-3.802
2022-12-21,0,-11.433,-3.183,-6.6
2022-12-22,0,-12.714,-4.53,-7.316
2022-12-23,0,-5.948,0.079,-2.744
2022-12-24,44,0.107,4.844,2.146
2022-12-25,12.8,1.778,4.688,3.048
2022-12-26,22.8,3.248,10.59,6.997
2022-12-27,29,4.844,7.645,6.049
2022-12-28,0.2,2.262,6.788,4.519
2022-12-29,7.2,3.327,5.719,4.628
2022-12-30,15.2,4.818,9.064,6.615
2022-12-31,0,1.94,9.731,6.172
